Time,Time Code,Country,Country Code,"GDP,constant 2010 US$,millions,seas. adj., [NYGDPMKTPSAKD]"
2000Q1,2000Q1,Argentina,ARG,74677.1357938154
2000Q1,2000Q1,Brazil,BRA,358634.709065575
2000Q1,2000Q1,China,CHN,520735.396114701
2000Q1,2000Q1,India,IND,187156.632029229
2000Q1,2000Q1,Indonesia,IDN,105544.811866187
2000Q1,2000Q1,Mexico,MEX,219693.883791591
2000Q1,2000Q1,Poland,POL,82738.2001335628
2000Q1,2000Q1,South Africa,ZAF,62501.4201607114
2000Q1,2000Q1,Korea Rep.,KOR,177296.661409864
2000Q1,2000Q1,Turkey,TUR,119446.699273971
2000Q2,2000Q2,Argentina,ARG,72914.2025374389
2000Q2,2000Q2,Brazil,BRA,360272.597479143
2000Q2,2000Q2,China,CHN,532469.19063774
2000Q2,2000Q2,India,IND,187309.129372087
2000Q2,2000Q2,Indonesia,IDN,105865.420765195
2000Q2,2000Q2,Mexico,MEX,223059.61533371
2000Q2,2000Q2,Poland,POL,83731.053588418
2000Q2,2000Q2,South Africa,ZAF,63076.5018624634
2000Q2,2000Q2,Korea Rep.,KOR,179659.157533345
2000Q2,2000Q2,Turkey,TUR,125461.877399489
2000Q3,2000Q3,Argentina,ARG,76157.7876630969
2000Q3,2000Q3,Brazil,BRA,363934.738503158
2000Q3,2000Q3,China,CHN,543696.222146363
2000Q3,2000Q3,India,IND,189747.55229335
2000Q3,2000Q3,Indonesia,IDN,107076.31742564
2000Q3,2000Q3,Mexico,MEX,224794.759019903
2000Q3,2000Q3,Poland,POL,84065.9552675884
2000Q3,2000Q3,South Africa,ZAF,63701.2579647051
2000Q3,2000Q3,Korea Rep.,KOR,184608.032825592
2000Q3,2000Q3,Turkey,TUR,128389.936844071
2000Q4,2000Q4,Argentina,ARG,76467.0593170813
2000Q4,2000Q4,Brazil,BRA,368776.307075543
2000Q4,2000Q4,China,CHN,555471.368704994
2000Q4,2000Q4,India,IND,189139.48112749
2000Q4,2000Q4,Indonesia,IDN,109649.625707992
2000Q4,2000Q4,Mexico,MEX,223305.787377646
2000Q4,2000Q4,Poland,POL,86672.0324126192
2000Q4,2000Q4,South Africa,ZAF,64243.1369340149
2000Q4,2000Q4,Korea Rep.,KOR,184009.057346835
2000Q4,2000Q4,Turkey,TUR,128029.060828704
2001Q1,2001Q1,Argentina,ARG,73298.7407812075
2001Q1,2001Q1,Brazil,BRA,370284.791212644
2001Q1,2001Q1,China,CHN,567085.409160678
2001Q1,2001Q1,India,IND,190273.907901904
2001Q1,2001Q1,Indonesia,IDN,109736.953369941
2001Q1,2001Q1,Mexico,MEX,223459.826066199
2001Q1,2001Q1,Poland,POL,85371.9309714577
2001Q1,2001Q1,South Africa,ZAF,64660.3759584931
2001Q1,2001Q1,Korea Rep.,KOR,186264.189183535
2001Q1,2001Q1,Turkey,TUR,122280.691303082
2001Q2,2001Q2,Argentina,ARG,72404.9533581956
2001Q2,2001Q2,Brazil,BRA,368667.237756807
2001Q2,2001Q2,China,CHN,577655.02085627
2001Q2,2001Q2,India,IND,194386.54064513
2001Q2,2001Q2,Indonesia,IDN,111217.501633498
2001Q2,2001Q2,Mexico,MEX,222221.857430333
2001Q2,2001Q2,Poland,POL,85030.4336288961
2001Q2,2001Q2,South Africa,ZAF,64983.5838071097
2001Q2,2001Q2,Korea Rep.,KOR,188683.539394557
2001Q2,2001Q2,Turkey,TUR,115976.469614772
2001Q3,2001Q3,Argentina,ARG,72539.2730104567
2001Q3,2001Q3,Brazil,BRA,365901.683505456
2001Q3,2001Q3,China,CHN,587394.446317865
2001Q3,2001Q3,India,IND,196632.567547668
2001Q3,2001Q3,Indonesia,IDN,110881.987222332
2001Q3,2001Q3,Mexico,MEX,222278.793773548
2001Q3,2001Q3,Poland,POL,85710.6801209397
2001Q3,2001Q3,South Africa,ZAF,65156.2120761742
2001Q3,2001Q3,Korea Rep.,KOR,191231.132512077
2001Q3,2001Q3,Turkey,TUR,118630.879143085
2001Q4,2001Q4,Argentina,ARG,68681.5861442913
2001Q4,2001Q4,Brazil,BRA,366829.697030976
2001Q4,2001Q4,China,CHN,600317.272346276
2001Q4,2001Q4,India,IND,201365.16433129
2001Q4,2001Q4,Indonesia,IDN,111739.430703604
2001Q4,2001Q4,Mexico,MEX,221239.515722065
2001Q4,2001Q4,Poland,POL,85967.8079359556
2001Q4,2001Q4,South Africa,ZAF,65657.2361207994
2001Q4,2001Q4,Korea Rep.,KOR,194601.744758407
2001Q4,2001Q4,Turkey,TUR,114300.360796564
2002Q1,2002Q1,Argentina,ARG,61316.8085898474
2002Q1,2002Q1,Brazil,BRA,371798.821247307
2002Q1,2002Q1,China,CHN,613937.084273922
2002Q1,2002Q1,India,IND,202650.170242991
2002Q1,2002Q1,Indonesia,IDN,113718.32097642
2002Q1,2002Q1,Mexico,MEX,219774.491850833
2002Q1,2002Q1,Poland,POL,86053.7920269356
2002Q1,2002Q1,South Africa,ZAF,66509.223423192
2002Q1,2002Q1,Korea Rep.,KOR,199553.350331694
2002Q1,2002Q1,Turkey,TUR,120724.304836751
2002Q2,2002Q2,Argentina,ARG,62210.5977080574
2002Q2,2002Q2,Brazil,BRA,377098.850684889
2002Q2,2002Q2,China,CHN,627782.603694655
2002Q2,2002Q2,India,IND,204540.370012196
2002Q2,2002Q2,Indonesia,IDN,115518.977882517
2002Q2,2002Q2,Mexico,MEX,221746.007628555
2002Q2,2002Q2,Poland,POL,86828.267189198
2002Q2,2002Q2,South Africa,ZAF,67314.5193830879
2002Q2,2002Q2,Korea Rep.,KOR,203169.527266861
2002Q2,2002Q2,Turkey,TUR,125437.933476857
2002Q3,2002Q3,Argentina,ARG,65646.7484496723
2002Q3,2002Q3,Brazil,BRA,381616.908566108
2002Q3,2002Q3,China,CHN,643866.253399683
2002Q3,2002Q3,India,IND,205384.572283788
2002Q3,2002Q3,Indonesia,IDN,116975.058896359
2002Q3,2002Q3,Mexico,MEX,223280.94242788
2002Q3,2002Q3,Poland,POL,87870.2102429387
2002Q3,2002Q3,South Africa,ZAF,67866.7742062859
2002Q3,2002Q3,Korea Rep.,KOR,207277.235091621
2002Q3,2002Q3,Turkey,TUR,127134.565559509
2002Q4,2002Q4,Argentina,ARG,66719.2697426679
2002Q4,2002Q4,Brazil,BRA,386092.447899343
2002Q4,2002Q4,China,CHN,658751.04610929
2002Q4,2002Q4,India,IND,206169.693823808
2002Q4,2002Q4,Indonesia,IDN,117181.989447913
2002Q4,2002Q4,Mexico,MEX,223977.291158836
2002Q4,2002Q4,Poland,POL,87958.083716661
2002Q4,2002Q4,South Africa,ZAF,68320.0693230255
2002Q4,2002Q4,Korea Rep.,KOR,209551.800105136
2002Q4,2002Q4,Turkey,TUR,127900.786831358
2003Q1,2003Q1,Argentina,ARG,64495.9097651654
2003Q1,2003Q1,Brazil,BRA,381300.792405024
2003Q1,2003Q1,China,CHN,678056.649747069
2003Q1,2003Q1,India,IND,209174.754670607
2003Q1,2003Q1,Indonesia,IDN,119455.69863697
2003Q1,2003Q1,Mexico,MEX,224454.935318097
2003Q1,2003Q1,Poland,POL,88309.9211356848
2003Q1,2003Q1,South Africa,ZAF,68952.3479193361
2003Q1,2003Q1,Korea Rep.,KOR,208170.51880602
2003Q1,2003Q1,Turkey,TUR,129754.768505949
2003Q2,2003Q2,Argentina,ARG,66530.3749664376
2003Q2,2003Q2,Brazil,BRA,380041.873658252
2003Q2,2003Q2,China,CHN,683686.922715761
2003Q2,2003Q2,India,IND,214853.026800502
2003Q2,2003Q2,Indonesia,IDN,121095.604781354
2003Q2,2003Q2,Mexico,MEX,225011.255151619
2003Q2,2003Q2,Poland,POL,90164.4361782548
2003Q2,2003Q2,South Africa,ZAF,69289.0443780073
2003Q2,2003Q2,Korea Rep.,KOR,207849.63048143
2003Q2,2003Q2,Turkey,TUR,130225.105583311
2003Q3,2003Q3,Argentina,ARG,72613.7712194062
2003Q3,2003Q3,Brazil,BRA,383918.456054698
2003Q3,2003Q3,China,CHN,709013.364671847
2003Q3,2003Q3,India,IND,220513.075977478
2003Q3,2003Q3,Indonesia,IDN,122336.751381588
2003Q3,2003Q3,Mexico,MEX,224998.970704234
2003Q3,2003Q3,Poland,POL,91156.2247082916
2003Q3,2003Q3,South Africa,ZAF,69665.03938328
2003Q3,2003Q3,Korea Rep.,KOR,211866.676915184
2003Q3,2003Q3,Turkey,TUR,133991.219436997
2003Q4,2003Q4,Argentina,ARG,75087.1157687149
2003Q4,2003Q4,Brazil,BRA,388613.982657928
2003Q4,2003Q4,China,CHN,728347.488044615
2003Q4,2003Q4,India,IND,230538.769212432
2003Q4,2003Q4,Indonesia,IDN,122559.312968405
2003Q4,2003Q4,Mexico,MEX,227353.926873352
2003Q4,2003Q4,Poland,POL,91429.7042721316
2003Q4,2003Q4,South Africa,ZAF,70066.9740232731
2003Q4,2003Q4,Korea Rep.,KOR,217458.854601898
2003Q4,2003Q4,Turkey,TUR,136695.227824347
2004Q1,2004Q1,Argentina,ARG,71485.6708674699
2004Q1,2004Q1,Brazil,BRA,395679.456153024
2004Q1,2004Q1,China,CHN,746199.433147763
2004Q1,2004Q1,India,IND,227260.555892389
2004Q1,2004Q1,Indonesia,IDN,124465.407793485
2004Q1,2004Q1,Mexico,MEX,230422.623238263
2004Q1,2004Q1,Poland,POL,94264.0188524284
2004Q1,2004Q1,South Africa,ZAF,71127.6456869916
2004Q1,2004Q1,Korea Rep.,KOR,220187.529594281
2004Q1,2004Q1,Turkey,TUR,142175.077051623
2004Q2,2004Q2,Argentina,ARG,70664.5268368795
2004Q2,2004Q2,Brazil,BRA,403839.320100526
2004Q2,2004Q2,China,CHN,760684.174169503
2004Q2,2004Q2,India,IND,233280.652254954
2004Q2,2004Q2,Indonesia,IDN,126402.965284509
2004Q2,2004Q2,Mexico,MEX,234138.737585839
2004Q2,2004Q2,Poland,POL,95018.1230334879
2004Q2,2004Q2,South Africa,ZAF,72121.6524894786
2004Q2,2004Q2,Korea Rep.,KOR,221868.659993502
2004Q2,2004Q2,Turkey,TUR,145181.810949835
2004Q3,2004Q3,Argentina,ARG,74226.408971033
2004Q3,2004Q3,Brazil,BRA,409546.048692719
2004Q3,2004Q3,China,CHN,780126.073647712
2004Q3,2004Q3,India,IND,239813.868607636
2004Q3,2004Q3,Indonesia,IDN,127938.098318195
2004Q3,2004Q3,Mexico,MEX,233822.65461381
2004Q3,2004Q3,Poland,POL,94638.0479305706
2004Q3,2004Q3,South Africa,ZAF,73300.8682838696
2004Q3,2004Q3,Korea Rep.,KOR,222768.52850335
2004Q3,2004Q3,Turkey,TUR,145694.905569859
2004Q4,2004Q4,Argentina,ARG,75304.4822612421
2004Q4,2004Q4,Brazil,BRA,413123.15262077
2004Q4,2004Q4,China,CHN,795999.411992421
2004Q4,2004Q4,India,IND,242437.973828127
2004Q4,2004Q4,Indonesia,IDN,130956.153248673
2004Q4,2004Q4,Mexico,MEX,236686.311129398
2004Q4,2004Q4,Poland,POL,95679.0978215604
2004Q4,2004Q4,South Africa,ZAF,74083.5967615586
2004Q4,2004Q4,Korea Rep.,KOR,224456.966419472
2004Q4,2004Q4,Turkey,TUR,147331.677503592
2005Q1,2005Q1,Argentina,ARG,77476.6061634514
2005Q1,2005Q1,Brazil,BRA,411880.871566687
2005Q1,2005Q1,China,CHN,825918.704682737
2005Q1,2005Q1,India,IND,248084.787386666
2005Q1,2005Q1,Indonesia,IDN,132165.048926466
2005Q1,2005Q1,Mexico,MEX,237047.391066004
2005Q1,2005Q1,Poland,POL,96635.881242245
2005Q1,2005Q1,South Africa,ZAF,74836.7540556664
2005Q1,2005Q1,Korea Rep.,KOR,226366.878309373
2005Q1,2005Q1,Turkey,TUR,155435.150335494
2005Q2,2005Q2,Argentina,ARG,79114.9277025286
2005Q2,2005Q2,Brazil,BRA,421772.904186326
2005Q2,2005Q2,China,CHN,841430.632007647
2005Q2,2005Q2,India,IND,255195.575436636
2005Q2,2005Q2,Indonesia,IDN,133904.435821473
2005Q2,2005Q2,Mexico,MEX,237762.580550533
2005Q2,2005Q2,Poland,POL,96829.1479205723
2005Q2,2005Q2,South Africa,ZAF,76179.7786433169
2005Q2,2005Q2,Korea Rep.,KOR,230638.563601304
2005Q2,2005Q2,Turkey,TUR,156086.780927426
2005Q3,2005Q3,Argentina,ARG,79670.6219968095
2005Q3,2005Q3,Brazil,BRA,418197.648890796
2005Q3,2005Q3,China,CHN,867328.651896039
2005Q3,2005Q3,India,IND,259334.871237292
2005Q3,2005Q3,Indonesia,IDN,135329.088221121
2005Q3,2005Q3,Mexico,MEX,239981.234564682
2005Q3,2005Q3,Poland,POL,98668.8914253391
2005Q3,2005Q3,South Africa,ZAF,77218.6610138703
2005Q3,2005Q3,Korea Rep.,KOR,234110.437153266
2005Q3,2005Q3,Turkey,TUR,157685.924936419
2005Q4,2005Q4,Argentina,ARG,81237.5521506386
2005Q4,2005Q4,Brazil,BRA,422111.203937661
2005Q4,2005Q4,China,CHN,897120.73658435
2005Q4,2005Q4,India,IND,265273.060221995
2005Q4,2005Q4,Indonesia,IDN,137378.184181389
2005Q4,2005Q4,Mexico,MEX,243768.571101589
2005Q4,2005Q4,Poland,POL,100543.605687045
2005Q4,2005Q4,South Africa,ZAF,77735.6379338485
2005Q4,2005Q4,Korea Rep.,KOR,236480.72260795
2005Q4,2005Q4,Turkey,TUR,162982.77100471
2006Q1,2006Q1,Argentina,ARG,83355.6358719143
2006Q1,2006Q1,Brazil,BRA,429357.843419811
2006Q1,2006Q1,China,CHN,927718.782663923
2006Q1,2006Q1,India,IND,272932.455065139
2006Q1,2006Q1,Indonesia,IDN,139239.75214078
2006Q1,2006Q1,Mexico,MEX,248021.61241912
2006Q1,2006Q1,Poland,POL,102051.745344337
2006Q1,2006Q1,South Africa,ZAF,79101.3597018793
2006Q1,2006Q1,Korea Rep.,KOR,240356.91866099
2006Q1,2006Q1,Turkey,TUR,166346.960944781
2006Q2,2006Q2,Argentina,ARG,84362.8535008701
2006Q2,2006Q2,Brazil,BRA,431282.269874127
2006Q2,2006Q2,China,CHN,952274.778937039
2006Q2,2006Q2,India,IND,274583.646420254
2006Q2,2006Q2,Indonesia,IDN,140627.305288974
2006Q2,2006Q2,Mexico,MEX,250514.389045693
2006Q2,2006Q2,Poland,POL,104398.942701263
2006Q2,2006Q2,South Africa,ZAF,80224.8052816213
2006Q2,2006Q2,Korea Rep.,KOR,242112.971184046
2006Q2,2006Q2,Turkey,TUR,170961.391182134
2006Q3,2006Q3,Argentina,ARG,86724.104808594
2006Q3,2006Q3,Brazil,BRA,437173.861718415
2006Q3,2006Q3,China,CHN,975817.274574323
2006Q3,2006Q3,India,IND,285086.205560044
2006Q3,2006Q3,Indonesia,IDN,142987.297032223
2006Q3,2006Q3,Mexico,MEX,251290.931753395
2006Q3,2006Q3,Poland,POL,106173.72579211
2006Q3,2006Q3,South Africa,ZAF,81332.8167787047
2006Q3,2006Q3,Korea Rep.,KOR,246020.565469047
2006Q3,2006Q3,Turkey,TUR,168004.256827638
2006Q4,2006Q4,Argentina,ARG,88606.7958558544
2006Q4,2006Q4,Brazil,BRA,442361.12457222
2006Q4,2006Q4,China,CHN,1010891.45397461
2006Q4,2006Q4,India,IND,291320.565484837
2006Q4,2006Q4,Indonesia,IDN,145551.960301835
2006Q4,2006Q4,Mexico,MEX,251811.8475335
2006Q4,2006Q4,Poland,POL,104687.296860147
2006Q4,2006Q4,South Africa,ZAF,82457.4296420091
2006Q4,2006Q4,Korea Rep.,KOR,247937.945480616
2006Q4,2006Q4,Turkey,TUR,173022.321307699
2007Q1,2007Q1,Argentina,ARG,90672.1242920181
2007Q1,2007Q1,Brazil,BRA,451508.158285913
2007Q1,2007Q1,China,CHN,1056376.96037248
2007Q1,2007Q1,India,IND,299474.09008295
2007Q1,2007Q1,Indonesia,IDN,148085.235672723
2007Q1,2007Q1,Mexico,MEX,253591.436074275
2007Q1,2007Q1,Poland,POL,109398.215084892
2007Q1,2007Q1,South Africa,ZAF,83796.4335862778
2007Q1,2007Q1,Korea Rep.,KOR,252088.534778182
2007Q1,2007Q1,Turkey,TUR,179146.959810532
2007Q2,2007Q2,Argentina,ARG,92645.8439250573
2007Q2,2007Q2,Brazil,BRA,459479.461716277
2007Q2,2007Q2,China,CHN,1090950.30694729
2007Q2,2007Q2,India,IND,304115.380281415
2007Q2,2007Q2,Indonesia,IDN,150126.951016892
2007Q2,2007Q2,Mexico,MEX,255560.743412018
2007Q2,2007Q2,Poland,POL,110711.026919047
2007Q2,2007Q2,South Africa,ZAF,84483.1854155013
2007Q2,2007Q2,Korea Rep.,KOR,256450.399646818
2007Q2,2007Q2,Turkey,TUR,176460.054714119
2007Q3,2007Q3,Argentina,ARG,93875.8115025061
2007Q3,2007Q3,Brazil,BRA,463030.684789035
2007Q3,2007Q3,China,CHN,1116692.3574601
2007Q3,2007Q3,India,IND,310475.382671078
2007Q3,2007Q3,Indonesia,IDN,152227.239859872
2007Q3,2007Q3,Mexico,MEX,257162.759575712
2007Q3,2007Q3,Poland,POL,112593.09259724
2007Q3,2007Q3,South Africa,ZAF,85473.1715746067
2007Q3,2007Q3,Korea Rep.,KOR,259460.695098244
2007Q3,2007Q3,Turkey,TUR,173947.601815901
2007Q4,2007Q4,Argentina,ARG,96756.3014173532
2007Q4,2007Q4,Brazil,BRA,471674.890457028
2007Q4,2007Q4,China,CHN,1151966.68238888
2007Q4,2007Q4,India,IND,322896.147381402
2007Q4,2007Q4,Indonesia,IDN,154039.146035093
2007Q4,2007Q4,Mexico,MEX,258172.844811219
2007Q4,2007Q4,Poland,POL,114056.814583882
2007Q4,2007Q4,South Africa,ZAF,86684.2931197037
2007Q4,2007Q4,Korea Rep.,KOR,265057.128811285
2007Q4,2007Q4,Turkey,TUR,182786.509995967
2008Q1,2008Q1,Argentina,ARG,97630.055227773
2008Q1,2008Q1,Brazil,BRA,479189.581654716
2008Q1,2008Q1,China,CHN,1180429.62501984
2008Q1,2008Q1,India,IND,326117.198175443
2008Q1,2008Q1,Indonesia,IDN,157741.686680983
2008Q1,2008Q1,Mexico,MEX,257685.883795796
2008Q1,2008Q1,Poland,POL,116337.952249656
2008Q1,2008Q1,South Africa,ZAF,87048.4855911786
2008Q1,2008Q1,Korea Rep.,KOR,266123.705069343
2008Q1,2008Q1,Turkey,TUR,190149.417177104
2008Q2,2008Q2,Argentina,ARG,98243.7189468782
2008Q2,2008Q2,Brazil,BRA,488514.084090421
2008Q2,2008Q2,China,CHN,1207220.64519899
2008Q2,2008Q2,India,IND,328278.824032878
2008Q2,2008Q2,Indonesia,IDN,161640.530144714
2008Q2,2008Q2,Mexico,MEX,259594.666075357
2008Q2,2008Q2,Poland,POL,116803.29004287
2008Q2,2008Q2,South Africa,ZAF,88111.2324256748
2008Q2,2008Q2,Korea Rep.,KOR,267516.790818839
2008Q2,2008Q2,Turkey,TUR,180535.735395042
2008Q3,2008Q3,Argentina,ARG,98964.5689520028
2008Q3,2008Q3,Brazil,BRA,495769.966735176
2008Q3,2008Q3,China,CHN,1221790.00967141
2008Q3,2008Q3,India,IND,330248.629333259
2008Q3,2008Q3,Indonesia,IDN,164866.531173058
2008Q3,2008Q3,Mexico,MEX,260395.363595333
2008Q3,2008Q3,Poland,POL,116336.097219327
2008Q3,2008Q3,South Africa,ZAF,88321.8622596047
2008Q3,2008Q3,Korea Rep.,KOR,269699.409603211
2008Q3,2008Q3,Turkey,TUR,174951.556777732
2008Q4,2008Q4,Argentina,ARG,94283.7644227152
2008Q4,2008Q4,Brazil,BRA,476261.347741521
2008Q4,2008Q4,China,CHN,1234457.70778441
2008Q4,2008Q4,India,IND,329336.138943356
2008Q4,2008Q4,Indonesia,IDN,165127.806069779
2008Q4,2008Q4,Mexico,MEX,256229.417629484
2008Q4,2008Q4,Poland,POL,116568.766115934
2008Q4,2008Q4,South Africa,ZAF,87819.0224405491
2008Q4,2008Q4,Korea Rep.,KOR,260842.779421196
2008Q4,2008Q4,Turkey,TUR,173348.991425872
2009Q1,2009Q1,Argentina,ARG,90845.1174464906
2009Q1,2009Q1,Brazil,BRA,468408.356792498
2009Q1,2009Q1,China,CHN,1258360.05548287
2009Q1,2009Q1,India,IND,326909.60889663
2009Q1,2009Q1,Indonesia,IDN,165975.458250357
2009Q1,2009Q1,Mexico,MEX,243173.189485935
2009Q1,2009Q1,Poland,POL,118550.419440852
2009Q1,2009Q1,South Africa,ZAF,86452.9115779975
2009Q1,2009Q1,Korea Rep.,KOR,261077.503288257
2009Q1,2009Q1,Turkey,TUR,166329.858338524
2009Q2,2009Q2,Argentina,ARG,88874.2652295363
2009Q2,2009Q2,Brazil,BRA,477769.831878622
2009Q2,2009Q2,China,CHN,1305286.84024427
2009Q2,2009Q2,India,IND,343904.142969336
2009Q2,2009Q2,Indonesia,IDN,168323.606652632
2009Q2,2009Q2,Mexico,MEX,239491.927081781
2009Q2,2009Q2,Poland,POL,118550.419440852
2009Q2,2009Q2,South Africa,ZAF,86156.2918549693
2009Q2,2009Q2,Korea Rep.,KOR,264557.085869037
2009Q2,2009Q2,Turkey,TUR,169593.139546748
2009Q3,2009Q3,Argentina,ARG,92311.9916744072
2009Q3,2009Q3,Brazil,BRA,489554.86419972
2009Q3,2009Q3,China,CHN,1349759.81497338
2009Q3,2009Q3,India,IND,352602.054308366
2009Q3,2009Q3,Indonesia,IDN,171566.332144914
2009Q3,2009Q3,Mexico,MEX,247274.814637388
2009Q3,2009Q3,Poland,POL,119261.720514696
2009Q3,2009Q3,South Africa,ZAF,86356.0270423166
2009Q3,2009Q3,Korea Rep.,KOR,272474.419070891
2009Q3,2009Q3,Turkey,TUR,172256.10003585
2009Q4,2009Q4,Argentina,ARG,94060.4438770604
2009Q4,2009Q4,Brazil,BRA,501691.1366998
2009Q4,2009Q4,China,CHN,1381667.32627137
2009Q4,2009Q4,India,IND,357823.409871361
2009Q4,2009Q4,Indonesia,IDN,174181.114992787
2009Q4,2009Q4,Mexico,MEX,251536.827742334
2009Q4,2009Q4,Poland,POL,122123.997959579
2009Q4,2009Q4,South Africa,ZAF,86931.8869331103
2009Q4,2009Q4,Korea Rep.,KOR,274509.442074333
2009Q4,2009Q4,Turkey,TUR,175946.960094095
2010Q1,2010Q1,Argentina,ARG,96923.9090725865
2010Q1,2010Q1,Brazil,BRA,510729.101094757
2010Q1,2010Q1,China,CHN,1412950.49537297
2010Q1,2010Q1,India,IND,369736.617387721
2010Q1,2010Q1,Indonesia,IDN,176351.182687217
2010Q1,2010Q1,Mexico,MEX,254214.147134673
2010Q1,2010Q1,Poland,POL,121391.260979713
2010Q1,2010Q1,South Africa,ZAF,87921.6136958684
2010Q1,2010Q1,Korea Rep.,KOR,279887.292699403
2010Q1,2010Q1,Turkey,TUR,178950.273334119
2010Q2,2010Q2,Argentina,ARG,101288.922645368
2010Q2,2010Q2,Brazil,BRA,518387.98562908
2010Q2,2010Q2,China,CHN,1446500.89692554
2010Q2,2010Q2,India,IND,379176.874282548
2010Q2,2010Q2,Indonesia,IDN,179558.769620165
2010Q2,2010Q2,Mexico,MEX,256919.762164246
2010Q2,2010Q2,Poland,POL,123212.145009471
2010Q2,2010Q2,South Africa,ZAF,88521.4677487784
2010Q2,2010Q2,Korea Rep.,KOR,285204.59532729
2010Q2,2010Q2,Turkey,TUR,183573.25521694
2010Q3,2010Q3,Argentina,ARG,101769.820610536
2010Q3,2010Q3,Brazil,BRA,523922.791396823
2010Q3,2010Q3,China,CHN,1482868.87486721
2010Q3,2010Q3,India,IND,386054.983996812
2010Q3,2010Q3,Indonesia,IDN,182253.451971331
2010Q3,2010Q3,Mexico,MEX,259272.578907134
2010Q3,2010Q3,Poland,POL,124937.117100748
2010Q3,2010Q3,South Africa,ZAF,89505.6174900717
2010Q3,2010Q3,Korea Rep.,KOR,288499.321821183
2010Q3,2010Q3,Turkey,TUR,187821.677766964
2010Q4,2010Q4,Argentina,ARG,103177.420074916
2010Q4,2010Q4,Brazil,BRA,530572.322574704
2010Q4,2010Q4,China,CHN,1518200.71735304
2010Q4,2010Q4,India,IND,397026.928039711
2010Q4,2010Q4,Indonesia,IDN,185319.791300002
2010Q4,2010Q4,Mexico,MEX,261399.237593398
2010Q4,2010Q4,Poland,POL,126186.480027177
2010Q4,2010Q4,South Africa,ZAF,90462.9197094293
2010Q4,2010Q4,Korea Rep.,KOR,292017.048034141
2010Q4,2010Q4,Turkey,TUR,194502.169117163
2011Q1,2011Q1,Argentina,ARG,105651.935821145
2011Q1,2011Q1,Brazil,BRA,536301.234757149
2011Q1,2011Q1,China,CHN,1556729.20916558
2011Q1,2011Q1,India,IND,407723.801403796
2011Q1,2011Q1,Indonesia,IDN,187930.677893096
2011Q1,2011Q1,Mexico,MEX,263425.619301855
2011Q1,2011Q1,Poland,POL,127826.910828841
2011Q1,2011Q1,South Africa,ZAF,91322.9482985853
2011Q1,2011Q1,Korea Rep.,KOR,294741.948814498
2011Q1,2011Q1,Turkey,TUR,199515.102609944
2011Q2,2011Q2,Argentina,ARG,106638.103886311
2011Q2,2011Q2,Brazil,BRA,542945.220037467
2011Q2,2011Q2,China,CHN,1591872.97259997
2011Q2,2011Q2,India,IND,411093.321308996
2011Q2,2011Q2,Indonesia,IDN,190693.957330637
2011Q2,2011Q2,Mexico,MEX,264717.83274471
2011Q2,2011Q2,Poland,POL,129488.640126873
2011Q2,2011Q2,South Africa,ZAF,91847.9665053269
2011Q2,2011Q2,Korea Rep.,KOR,296188.515951425
2011Q2,2011Q2,Turkey,TUR,203867.854550003
2011Q3,2011Q3,Argentina,ARG,107484.064383977
2011Q3,2011Q3,Brazil,BRA,542837.999351251
2011Q3,2011Q3,China,CHN,1623143.93060426
2011Q3,2011Q3,India,IND,410561.019263173
2011Q3,2011Q3,Indonesia,IDN,193342.878377447
2011Q3,2011Q3,Mexico,MEX,269814.498134313
2011Q3,2011Q3,Poland,POL,131172.011445407
2011Q3,2011Q3,South Africa,ZAF,92121.8890479746
2011Q3,2011Q3,Korea Rep.,KOR,297747.426122912
2011Q3,2011Q3,Turkey,TUR,209272.450666515
2011Q4,2011Q4,Argentina,ARG,107591.503801087
2011Q4,2011Q4,Brazil,BRA,544588.654348597
2011Q4,2011Q4,China,CHN,1650540.33607564
2011Q4,2011Q4,India,IND,421733.991249864
2011Q4,2011Q4,Indonesia,IDN,196220.55388747
2011Q4,2011Q4,Mexico,MEX,271728.180390078
2011Q4,2011Q4,Poland,POL,132221.374620462
2011Q4,2011Q4,South Africa,ZAF,92824.2046580304
2011Q4,2011Q4,Korea Rep.,KOR,299153.681463307
2011Q4,2011Q4,Turkey,TUR,211560.852507501
2012Q1,2012Q1,Argentina,ARG,106425.611458977
2012Q1,2012Q1,Brazil,BRA,544485.130927423
2012Q1,2012Q1,China,CHN,1682247.32584874
2012Q1,2012Q1,India,IND,431974.331688161
2012Q1,2012Q1,Indonesia,IDN,199493.265928138
2012Q1,2012Q1,Mexico,MEX,273438.617154003
2012Q1,2012Q1,Poland,POL,132353.597060008
2012Q1,2012Q1,South Africa,ZAF,93195.4008308798
2012Q1,2012Q1,Korea Rep.,KOR,301775.795192744
2012Q1,2012Q1,Turkey,TUR,210739.900704654
2012Q2,2012Q2,Argentina,ARG,102720.02061162
2012Q2,2012Q2,Brazil,BRA,548522.544353193
2012Q2,2012Q2,China,CHN,1715165.91592598
2012Q2,2012Q2,India,IND,431509.166837307
2012Q2,2012Q2,Indonesia,IDN,202426.871551282
2012Q2,2012Q2,Mexico,MEX,275722.420147541
2012Q2,2012Q2,Poland,POL,132088.877361609
2012Q2,2012Q2,South Africa,ZAF,94032.0837487874
2012Q2,2012Q2,Korea Rep.,KOR,303476.439071163
2012Q2,2012Q2,Turkey,TUR,214287.094488389
2012Q3,2012Q3,Argentina,ARG,105995.497843729
2012Q3,2012Q3,Brazil,BRA,556974.492239006
2012Q3,2012Q3,China,CHN,1746406.16824729
2012Q3,2012Q3,India,IND,438289.448067474
2012Q3,2012Q3,Indonesia,IDN,204971.821178474
2012Q3,2012Q3,Mexico,MEX,277414.016157893
2012Q3,2012Q3,Poland,POL,132617.251833588
2012Q3,2012Q3,South Africa,ZAF,94313.2693891569
2012Q3,2012Q3,Korea Rep.,KOR,304789.864856196
2012Q3,2012Q3,Turkey,TUR,217675.229035772
2012Q4,2012Q4,Argentina,ARG,107837.910383226
2012Q4,2012Q4,Brazil,BRA,558458.944153334
2012Q4,2012Q4,China,CHN,1782382.27700326
2012Q4,2012Q4,India,IND,445084.499480535
2012Q4,2012Q4,Indonesia,IDN,207584.423151746
2012Q4,2012Q4,Mexico,MEX,279773.251179471
2012Q4,2012Q4,Poland,POL,132086.781864386
2012Q4,2012Q4,South Africa,ZAF,94723.5047122605
2012Q4,2012Q4,Korea Rep.,KOR,306327.494896047
2012Q4,2012Q4,Turkey,TUR,220581.054202137
2013Q1,2013Q1,Argentina,ARG,107664.356251776
2013Q1,2013Q1,Brazil,BRA,557906.203029568
2013Q1,2013Q1,China,CHN,1815121.0094113
2013Q1,2013Q1,India,IND,453277.922754515
2013Q1,2013Q1,Indonesia,IDN,210644.668826137
2013Q1,2013Q1,Mexico,MEX,280554.003725884
2013Q1,2013Q1,Poland,POL,132350.951924168
2013Q1,2013Q1,South Africa,ZAF,95116.1010837543
2013Q1,2013Q1,Korea Rep.,KOR,309028.465566112
2013Q1,2013Q1,Turkey,TUR,228568.226025028
2013Q2,2013Q2,Argentina,ARG,108380.562113089
2013Q2,2013Q2,Brazil,BRA,570931.667772228
2013Q2,2013Q2,China,CHN,1846150.28032702
2013Q2,2013Q2,India,IND,458800.244771526
2013Q2,2013Q2,Indonesia,IDN,213707.040083729
2013Q2,2013Q2,Mexico,MEX,278759.163146502
2013Q2,2013Q2,Poland,POL,133806.80720812
2013Q2,2013Q2,South Africa,ZAF,96124.3746853375
2013Q2,2013Q2,Korea Rep.,KOR,312663.99537571
2013Q2,2013Q2,Turkey,TUR,234552.618911539
,,,,
,,,,
,,,,
Data from database: Global Economic Monitor (GEM),,,,
Last Updated: 07/27/2020,,,,
